Number,Answer,_user
1,splunk,nobody
101,40.80.148.42,nobody
102,acunetix,nobody
103,joomla,nobody
104,poisonivy-is-coming-for-you-batman.jpeg,nobody
105,prankglassinebracket.jumpingcrab.com,nobody
106,23.22.63.114,nobody
107,lillian.rose@po1s0n1vy.com,nobody
108,23.22.63.114,nobody
109,3791.exe,nobody
110,AAE3F5A29935E6ABCC2C2754D12A9AF0,nobody
111,9709473ab351387aab9e816eff3910b9f28a7a70202e250ed46dba8f820f34a8,nobody
112,53 74 65 76 65 20 42 72 61 6e 74 27 73 20 42 65 61 72 64 20 69 73 20 61 20 70 6f 77 65 72 66 75 6c 20 74 68 69 6e 67 2e 20 46 69 6e 64 20 74 68 69 73 20 6d 65 73 73 61 67 65 20 61 6e 64 20 61 73 6b 20 68 69 6d 20 74 6f 20 62 75 79 20 79 6f 75 20 61 20 62 65 65 72 21 21 21,nobody
113,31 73 74 32 66 69 6E 64 67 65 74 73 66 72 65 65 62 65 65 72 66 72 6F 6D 72 79 61 6E 66 69 6E 64 68 69 6D 74 6F 67 65 74,nobody
114,12345678,nobody
115,yellow,nobody
116,batman,nobody
117,6,nobody
118,92.17,nobody
119,412,nobody
200,192.168.250.100,nobody
201,2816763,nobody
202,cerberhhyed5frqa.xmfir0.win,nobody
203,solidaritedeproximite.org,nobody
204,4490,nobody
205,MIRANDA_PRI,nobody
206,192.168.250.20,nobody
207,257,nobody
208,3968,nobody
209,406,nobody
210,mhtr.jpg,nobody
211,steganography,nobody